<?xml version="1.0" encoding="UTF-8"?>
<beans xmlns="http://www.springframework.org/schema/beans"
	xmlns:xsi="http://www.w3.org/2001/XMLSchema-instance" xmlns:int="http://www.springframework.org/schema/integration"
	xmlns:int-jms="http://www.springframework.org/schema/integration/jms"
	xsi:schemaLocation="http://www.springframework.org/schema/beans http://www.springframework.org/schema/beans/spring-beans.xsd
		http://www.springframework.org/schema/integration http://www.springframework.org/schema/integration/spring-integration.xsd
		http://www.springframework.org/schema/context http://www.springframework.org/schema/context/spring-context.xsd
		http://www.springframework.org/schema/integration/jms http://www.springframework.org/schema/integration/jms/spring-integration-jms.xsd">

	<int:channel id="processEmpChannel">
		<int:queue/>
	</int:channel>
	

	<int-jms:inbound-channel-adapter
		channel="processEmpChannel" connection-factory="connectionFactory"
		destination-name="empQueue">
		<int:poller fixed-delay="500" />
	</int-jms:inbound-channel-adapter>

	<bean id="connectionFactory"
		class="org.springframework.jms.connection.CachingConnectionFactory">
		<property name="targetConnectionFactory">
			<bean class="org.apache.activemq.ActiveMQConnectionFactory">
				<property name="brokerURL" value="tcp://localhot:61610" />
			</bean>
		</property>
		<property name="sessionCacheSize" value="10" />
		<property name="cacheProducers" value="false" />
	</bean>
	<bean id="jmsTemplate" class="org.springframework.jms.core.JmsTemplate">
		<property name="connectionFactory" ref="connectionFactory" />
	</bean>

	<bean id="springIntExample"
		class="com.javarticles.spring.integration.jms.SpringIntegrationJmsExample">
		<property name="jmsTemplate" ref="jmsTemplate" />
	</bean>

	<int:service-activator input-channel="processEmpChannel" ref="springIntExample" method="processEmployee">
		<int:poller fixed-delay="500" />
	</int:service-activator>
	
	<int:service-activator input-channel="errorChannel" ref="errorLogger" method="logError"/>

    <bean id="errorLogger" class="com.javarticles.spring.integration.jms.ErrorLogger"/>
</beans>
