<?xml version="1.0" encoding="UTF-8"?>
<beans xmlns="http://www.springframework.org/schema/beans"
       xmlns:xsi="http://www.w3.org/2001/XMLSchema-instance"
       xmlns:context="http://www.springframework.org/schema/context"
       xmlns:int="http://www.springframework.org/schema/integration"
       xmlns:int-jms="http://www.springframework.org/schema/integration/jms"
       xmlns:oxm="http://www.springframework.org/schema/oxm"
       xmlns:int-jme="http://www.springframework.org/schema/integration"
       xsi:schemaLocation="http://www.springframework.org/schema/beans http://www.springframework.org/schema/beans/spring-beans-2.5.xsd
                http://www.springframework.org/schema/context http://www.springframework.org/schema/context/spring-context-2.5.xsd
                http://www.springframework.org/schema/integration http://www.springframework.org/schema/integration/spring-integration.xsd
                http://www.springframework.org/schema/integration/jms http://www.springframework.org/schema/integration/jms/spring-integration-jms.xsd
                http://www.springframework.org/schema/oxm http://www.springframework.org/schema/oxm/spring-oxm-3.0.xsd">


    <!-- Component scan to find all Spring components -->
    <context:component-scan base-package="com.geekcap.springintegrationexample" />

    <bean class="org.springframework.web.servlet.mvc.annotation.AnnotationMethodHandlerAdapter">
        <property name="order" value="1" />
        <property name="messageConverters">
            <list>
                <!-- Default converters -->
                <bean class="org.springframework.http.converter.StringHttpMessageConverter"/>
                <bean class="org.springframework.http.converter.FormHttpMessageConverter"/>
                <bean class="org.springframework.http.converter.ByteArrayHttpMessageConverter" />
                <bean class="org.springframework.http.converter.xml.SourceHttpMessageConverter"/>
                <bean class="org.springframework.http.converter.BufferedImageHttpMessageConverter"/>
                <bean class="org.springframework.http.converter.json.MappingJacksonHttpMessageConverter" />
            </list>
        </property>
    </bean>

    <!-- Define a channel to communicate out to a JMS Destination -->
    <int:channel id="queueChannel">
      <int:queue/>
    </int:channel>
    

    <!-- Define the ActiveMQ connection factory -->
    <bean id="connectionFactory" class="org.apache.activemq.spring.ActiveMQConnectionFactory">
        <property name="brokerURL" value="tcp://localhost:61616"/>
    </bean>

    <!--
        Define an adaptor that route  messages to the myTopic topic; the outbound-channel-adapter
        automagically fines the configured connectionFactory bean (by naming convention
      -->
    <int-jms:outbound-channel-adapter channel="queueChannel" destination-name="queue.myQueue">
           <int:poller fixed-delay="200000" />
    </int-jms:outbound-channel-adapter> 
                                      
 
    <!-- Create a channel for a listener that will consume messages-->
    <int:channel id="listenerChannel" />
    
    <int:channel id="errorChannel" />

                                            
    <int-jms:message-driven-channel-adapter id="messageDrivenAdapter"
                                            channel="getPayloadChannel"
                                            destination-name="queue.myQueue" error-channel="errorChannel"/>

    <int:service-activator input-channel="listenerChannel" ref="messageListenerImpl" method="processMessage"/>

    <int:channel id="getPayloadChannel"/>

    <int:service-activator input-channel="getPayloadChannel" output-channel="listenerChannel" ref="retrievePayloadServiceImpl" method="getPayload" />
    
    <int:service-activator input-channel="errorChannel" ref="errorLogger" method="logError"/>

    <bean id="errorLogger" class="com.geekcap.springintegrationexample.service.ErrorLogger"/>
    

</beans>